company,tel,url,address,contact_url
株式会社朝日硬質鍍金工業所,072-268-0008,http://www.asahi-mekki.co.jp/,大阪府堺市西区 築港浜寺西町7,https://asahi-mekki.co.jp/form
カンノ工業株式会社,03-3850-1671,http://kanno-kk.co.jp/,東京都足立区保木間５丁目３４−１７,http://kanno-kk.co.jp/contact
アサヒ設備工業株式会社,03-3680-1491,https://asahi-setsubikogyo.co.jp/,東京都江戸川区船堀５丁目４−１０,https://asahi-setsubikogyo.co.jp/pages/5/
株式会社サンフィールド工業,045-543-3798,http://www.sunfi.co.jp/,神奈川県横浜市港北区綱島東５丁目４−２４,http://www.sunfi.co.jp/contact.html
有限会社関西テクノデザイン,078-382-3021,http://kansaitechno.co.jp/index.html,兵庫県神戸市中央区花隈町１４−１０,http://kansaitechno.co.jp/index.html
共栄機器産業株式会社,04-2944-7532,http://kyoeikiki-s.co.jp/,埼玉県所沢市東所沢和田２丁目４−４−１,http://kyoeikiki-s.co.jp/inquiry.html
太平金属株式会社本社,0795-32-0986,http://www.taiheikinzoku.net/index.html,兵庫県多可郡多可町中区牧野字新田419-1,http://www.taiheikinzoku.net/contents/inq/index.html
,,,,
日清鋼業株式会社,079-443-4811,http://www.nisshinkogyo.com/index.html,高砂支店: 高砂市荒井町新浜2丁目3番1号 (株)神戸製鋼所高砂製作所 ふれあい会館内,https://www.nisshinkogyo.com/contact
株式会社計測器センター総合技術研究所,072-755-9321,http://www.kcenter.co.jp/index.html,兵庫県川西市栄根2-6-7,http://www.kcenter.co.jp/contact.html
株式会社三島,078-991-1567,http://www.misima.co.jp/index.html,兵庫県神戸市西区高塚台３丁目１−５２,http://www.misima.co.jp/inquiry/index.html
阪神バレル株式会社,0794-86-2167,http://www.h-barrel.com/,兵庫県三木市細川町金屋４６５番地の１,http://www.h-barrel.com/contacts/
有限会社廣栄シャーリング産業,072-949-8093,http://www.kouei-ss.com/index.html,大阪府八尾市太田新町８丁目３９,https://kouei-ss.com/contact
株式会社大誠樹脂上郡工場,0791-52-1011,https://www.taisei-jushi.co.jp/,上郡工場: 兵庫県赤穂郡上郡町山野里３３３−４,https://www.taisei-jushi.co.jp/contact/
念治鐵工株式会社上野工場,0595-39-0029,http://www.nenji.jp/index.html,三重県伊賀市予野 字シダ川11135-3,http://www.nenji.jp/contact.html
ナカザワ建販株式会社プレカット事業部,0736-77-6533,http://www.nakazawa-kenpan.co.jp/,和歌山支店: 和歌山県紀の川市西三谷505番地,https://www.nakazawa-kenpan.co.jp/inquiry/
有限会社米虫金属製作所,0744-22-8494,http://kmk.petitmoka.com/,奈良県橿原市南浦町９１８,http://kmk.petitmoka.com/inquiry/
八千代重量株式会社,06-6780-2828,https://yachiyo-j.com/index.php,大阪府門真市桑才新町20番3号,https://yachiyo-j.com/contact.php
,,,,
,,,,
有限会社伸栄製作所,045-593-5200,https://www.shin-ei-seisakujo.com/,[第三工場]横浜市都筑区池辺町,https://www.shin-ei-seisakujo.com/contact
内外カーボンインキ株式会社,0774-88-4711,http://www.ncikk.co.jp/index.html,宇治田原工場: 京都府綴喜郡宇治田原町大字立川小字金井谷19-14,http://www.ncikk.co.jp/index.html
株式会社髙橋鋳造所,0745-52-4805,なし,奈良県大和高田市今里町２−２８,https://tyuzou.com/contact/
カーレポ株式会社,0294-54-0044,https://www.carepo.jp/,茨城県日立市大和田町８８０,https://www.carepo.jp/publics/index/3/
,,,,
リビングセンター株式会社,06-6856-0308,https://www.livingcenter.co.jp/,大阪府豊中市中桜塚５丁目１−１１,https://www.livingcenter.co.jp/reform/reform_su.html
タミヤ株式会社,0744-34-1000,http://www.tmy.jp/index.html,奈良県磯城郡田原本町大字味間３４,http://www.tmy.jp/contact/index.html
株式会社中川製作所水戸工場,029-288-5971,https://www.nakagawa-mfg.co.jp/,茨城県東茨城郡城里町下古内字押越７９８−２,https://www.nakagawa-mfg.co.jp/inquiry
株式会社ｴｲｱｲ･ﾌｨｰﾙﾄﾞ(AIﾌｨｰﾙﾄﾞ),03-5816-2610,https://i-fieldnet.com/,東京都千代田区外神田５丁目３−１,https://i-fieldnet.com/contact/
ヨーホー電子株式会社,072-881-6355,http://yoho-denshi.com/,大阪府門真市四宮６丁目６−４６,http://yoho-denshi.com/contact.html
株式会社アオキ,06-6781-5141,http://aoki-maido.co.jp/?page_id=40,大阪府東大阪市高井田中５丁目７−３,http://aoki-maido.co.jp/web/form
iCOM技研株式会社,0794-70-8407,https://www.icom-giken.com/,兵庫県小野市敷地町８１１−１,https://www.icom-giken.com/contact/
株式会社ニッピ機械,0790-49-1414,http://www.nippy.jp/,兵庫県加西市下宮木町767-1,http://www.nippy.jp/contact/
京阪メタル株式会社,075-681-4108,https://www.keihan-p.co.jp/,京都府京都市南区上鳥羽南鉾立町１３,https://www.keihan-p.co.jp/contact.html
東阪エンジニアリング株式会社,072-483-8415,http://www.tohan-eng.jp/,大阪府泉南市５ 大阪府泉南市馬場1丁目701−1,http://www.tohan-eng.jp/inquiry/index.php
ミツマル株式会社,0537-26-3031,http://www.mitsumaru.co.jp/,掛川市上垂木2662,http://www.mitsumaru.co.jp/contact/FNO1/
,,,,
株式会社共生システム,0745-77-1117,kyosei-system.co.jp,奈良県香芝市上中１２４２,https://kyosei-system.co.jp/contact/
有限会社中山製作所,049-257-1216,http://www.nakayama-mfg.com/,埼玉県入間郡三芳町大字竹間沢３１９−３,http://www.nakayama-mfg.com/#contact
,,,,
竹澤株式会社,0277-76-3580,https://www.takekabu.co.jp/,群馬県みどり市笠懸町鹿２５４２−９,https://www.takekabu.co.jp/pub/contact/form.php
大享印刷株式会社多気工場,0598-39-3080,http://www.daikyo-printing.co.jp/,三重県多気郡多気町野中１４０８,http://www.daikyo-printing.co.jp/index.html
株式会社三和紙器,027-382-1711,http://www.sanwa-shiki.com/kaisya.html,群馬県安中市上間仁田５８０,http://www.sanwa-shiki.com/contact.html
和田金型工業株式会社,078-991-3521,http://www.wadakk.co.jp/,兵庫県神戸市西区高塚台３丁目１−１−１７,http://www.wadakk.co.jp/?page_id=187
株式会社ニッシンテクノ,072-963-8081,http://www.nissin-techno.com/,大阪府東大阪市吉田１−１０−３０,https://nissin-techno.com/contact
株式会社カミムラ,059-365-7680,なし,三重県四日市市下さざらい町４−１６,https://kamimura-metal.com/
,,,,
株式会社大京精研,06-6916-2177,http://www.daikyo-seiken.co.jp/,大阪府門真市桑才新町２１−５,https://www.daikyo-seiken.co.jp/contact
ZAN株式会社,059-379-0338,zan.jp/index.html,三重県鈴鹿市平野町7692-6,https://zan.jp/
株式会社エスティーワイ,0283-24-3364,http://www.shimazakikanagata.co.jp/,栃木県佐野市富岡町1459,http://www.shimazakikanagata.co.jp/homepage_contents/07etc/otoiawase.html
笹野電機株式会社,06-6561-3351,http://www.sasano-denki.co.jp/,大阪府大阪市浪速区桜川２丁目４−９,http://www.sasano-denki.co.jp/#contact
株式会社SIGNATE,03-5745-3520,https://signate.co.jp/,東京都千代田区四番町 6番 東急番町ビル,https://signate.co.jp/contact
株式会社名護鉄工所,098-944-5531,http://www.ii-okinawa.ne.jp/people/nago-t/index.html,沖縄県中頭郡西原町字小那覇１５６５,http://www.ii-okinawa.ne.jp/people/nago-t/contact.html
株式会社飯塚メタル,0480-53-8175,https://iizuka-metal.co.jp/,埼玉県加須市芋茎1180-1,https://iizuka-metal.co.jp/#menu-1
株式会社芝建築設計事務所,042-537-9759,https://www.shiba-architects-office.com/,東京都立川市幸町５丁目８０−１０,https://www.shiba-architects-office.com/お問い合わせ/
株式会社アイクリーン東京,044-589-1203,https://aiclean.co.jp/,川崎市幸区南加瀬３－１１－８,https://aiclean.co.jp/#top_form
有限会社藤久鐵工,0790-44-1050,http://fuji-kyu.com/,兵庫県加西市大内町８５２,http://fuji-kyu.com/contact/
,,,,
一電通建株式会社,03-5851-8956,http://www.ichidentsuken.com/,東京都足立区一ツ家１丁目２２−１８,http://www.ichidentsuken.com/otoiawase.html
昭和電工アルミ販売株式会社,06-6605-1166,http://www.sdat.co.jp/,大阪府大阪市阿倍野区西田辺町１丁目１−１,https://sdat.co.jp/inquiry/
紀伊産業株式会社,072-973-3221,http://www.keytrading.co.jp/,藤井寺市川北2丁目2番4号,https://www.keytrading.co.jp/first/
株式会社ｲﾉｳﾞｧﾝｽ,03-6804-3555,http://www.inovance.co.jp/index.html,東京都港区南青山3-14-13 ツイン南青山2F,https://www.inovance.co.jp/contact
丸全電産ロジステック株式会社,03-3454-8580,https://www2.maruzendensan.com/,東京都港区芝一丁目12番7号（芝一丁目ビル 3F）,https://www2.maruzendensan.com/contact/
五條製紙株式会社,0545-57-1111,https://www.gojo.co.jp/,静岡県富士市原田４５１−１,https://www.gojo.co.jp/inquiry
株式会社エルクラフト,0748-27-0030,http://www.lcmac.co.jp/index.html,滋賀県東近江市青野町４７０３,http://www.lcmac.co.jp/inquiry/index.php
有限会社駒井技研,027-371-2838,http://komaigiken.com/index.html,群馬県高崎市箕郷町矢原４２７−１,http://komaigiken.com/contact/
昌栄印刷株式会社,06-6717-1181,https://www.shoei-printing.com/,大阪市生野区桃谷1丁目3番23号,https://www.shoei-printing.com/contact
ﾀﾞｲｾﾙ･ｾｲﾌﾃｨ･ｼｽﾃﾑｽﾞ株式会社,0791-72-5411,https://www.daicel.com/dss/,兵庫県たつの市揖保川町馬場８０５,https://www.daicel.com/dss/
有限会社スミックス,06-6968-0721,https://rs-sumiyoshi.co.jp/,大阪市鶴見区今津南4-8-10,https://rs-sumiyoshi.co.jp/contact
富士高周波工業株式会社,072-229-0230,http://www.fuji-koushuha.co.jp/wp-content/uploads/baseimg/img_service2/html/index.html,堺市遠里小野町2丁目3番15号,https://www.fuji-koushuha.co.jp/contact
誠南工業株式会社,06-6682-6788,http://www.seinan-ind.co.jp/index.html,大阪府大阪市住之江区北加賀屋４丁目３−２４,http://www.seinan-ind.co.jp/contact.html
株式会社ライフプラテック,072-634-3531,http://www.lifeplatech.co.jp/index.html,大阪府茨木市鮎川５丁目２−２３,http://www.lifeplatech.co.jp/inquiry.html
ナカザワ建販株式会社,0725-30-3500,http://www.nakazawa-kenpan.co.jp/,大阪府和泉市あゆみ野4丁目3番20号,https://www.nakazawa-kenpan.co.jp/inquiry/
BLENTEC株式会社,042-785-2045,http://blentec.co.jp/index,神奈川県相模原市中央区田名3267-1,http://blentec.co.jp/contact
千石産業株式会社,072-433-0888,http://www.sengoku-jp.com/index.html,大阪府貝塚市二色中町６−８,https://sengoku-jp.com/indicator/
株式会社二光プラスチック工業所,048-997-9185,http://www.niko-p.co.jp/index.html,埼玉県八潮市大字大曽根1302-1,http://www.niko-p.co.jp/contact/index.html
株式会社ユナイテッドリバティアーキテクツ,03-3373-3918,http://www.ula-jpn.com/index.html,東京都新宿区西早稲田２丁目２１−１６ 圓生楼高田馬場ビル ４Ｆ,https://ula-jpn.com/contact
ナカヤマ精密株式会社,06‐4807‐1500,http://www.nakayama-pre.co.jp/index.html,大阪府大阪市淀川区西宮原2‐7‐38新大阪西浦ビル801号,http://www.nakayama-pre.co.jp/contact.html
大日本興業株式会社,048-222-6331,http://www.dnksus.com/,埼玉県川口市弥平３丁目４−２０,https://dnksus.com/contacts
山進産業株式会社,048-953-0888,http://yamashin.yamco.co.jp/index.html,埼玉県三郷市新和3丁目97-12,https://yamashin.yamco.co.jp/contact/
株式会社奥山,043-232-0511,http://www.co-okuyama.co.jp/,千葉市若葉区都賀3丁目21番8号,https://www.co-okuyama.co.jp/contact/
株式会社エーエーアンドサン,03-3258-3521,https://www.aa-sun.com/,東京都千代田区鍛冶町2-3-2,https://www.aa-sun.com/contact/
株式会社オーエス,0790-62-7885,https://jp.os-worldwide.com/osm/,兵庫県宍粟市山崎町梯２７８−３,https://jp.os-worldwide.com/info/
マルフジ建材株式会社静岡工場,054-627-2752,http://www.marufujik.co.jp/,静岡県焼津市八楠１丁目２３−２３,http://www.marufujik.co.jp/contact/
株式会社PAL構造,095-862-0601,http://www.pal.co.jp/,長崎市旭町8-20,https://www.pal.co.jp/contact
ミック工業株式会社,072-271-5575,http://www.mic-j.jp/,大阪府堺市中区毛穴町102番地,https://www.mic-j.jp/contact
株式会社ミヤワキ,06-6302-5531,http://www.miyawaki-inc.com/,大阪市淀川区田川北2丁目1番30号,https://www.miyawaki-inc.com/ask/products
株式会社京滋設計,077-568-3330,http://keiji-sekkei.a.la9.jp/index.html,滋賀県草津市北大萱町５７６−３,http://keiji-sekkei.a.la9.jp/index.html
大河内産業株式会社,049-235-3470,http://www.ohkouchi.com/index.html,埼玉県川越市 大字木野目93,http://www.ohkouchi.com/contact/
株式会社徳山工業社,072-998-3689,http://www.toku-yama.com/,大阪府八尾市上尾町４丁目１−１１,http://www.toku-yama.com/contact/
株式会社金剛特殊釘製作所,0721-53-1451,http://www.kongo-nail.co.jp/index.html,大阪府河内長野市向野町１４５,http://www.kongo-nail.co.jp/contact.html
有限会社ヤストミ工業,0270-20-8141,http://www.k-yasutomi.co.jp/index.html,群馬県伊勢崎市国定町２丁目１５５９−１８,http://www.k-yasutomi.co.jp/contact.html
有限会社共和エレック,049-227-8313,https://www.kyouwa-elec.co.jp/,埼玉県川越市大字上寺山１５８−３,https://www.kyouwa-elec.co.jp/contact/
植木プラスチック株式会社本社工場,0276-31-3116,https://www.uepura.com/,群馬県 太田市西新町8-7,https://www.uepura.com/flow.html
株式会社三立,0743-56-3731,http://www.kk-sanritsu.jp/,奈良県大和郡山市横田町182-1,http://www.kk-sanritsu.jp/contact.htm
関西金属工業株式会社,072-810-8141,http://www.kan-kin.co.jp/,大阪府交野市幾野５丁目１２－１,https://www.kan-kin.co.jp/contact/
株式会社ジェイコフ,06-4390-4774,https://www.j-cof.com/,大阪市西区立売堀1丁目3番13号　第三富士ビル9F,https://www.j-cof.com/contact/index.cgi
有限会社光輝エンジニアリング,0280-91-1105,http://www.kouki-engineering.co.jp/,茨城県古河市高野434番地9,http://www.kouki-engineering.co.jp/contact.html
株式会社千代田工業所,06-6865-7800,http://www.chiyoda-k.jp/,大阪府豊中市服部西町5丁目14番2号,http://www.chiyoda-k.jp/contact/
日興製綱株式会社,072-445-2898,http://www.nikkoseiko.co.jp/,大阪府岸和田市山直中町761,http://www.nikkoseiko.co.jp/search.cgi
株式会社西日本エンジニアリング,06-6380-6111,http://www.nishinihon-eng.co.jp/,大阪府吹田市岸部北5丁目20番5号,http://www.nishinihon-eng.co.jp/index.html
東洋摩擦圧接工業株式会社,06-6686-3886,http://www.toyomasatsu.jp/,大阪市住之江区北加賀屋4-6-29,http://www.toyomasatsu.jp/contact/
株式会社篠原商店,03-3995-7288,https://www.shinoharashoten.com/,東京都練馬区下石神井5-13-2,https://www.shinoharashoten.com/contact
株式会社エヌピーアイ,0465-37-0843(小田原),http://www.nippack.co.jp/,神奈川県伊勢原市石田200（株式会社アマダ内）,http://www.nippack.co.jp/contact
株式会社双立,072-361-0661,http://www.soritsu.co.jp/,兵庫県堺市美原区太井655,https://www.soritsu.co.jp/contact-us/
進興電気工業株式会社,06-6922-3881,http://www.shinko-heater.com,大阪府寝屋川市木田元宮１丁目18-10　本社：大阪市旭区高殿2丁目5番5号,http://www.shinko-heater.com/contact/index.html
川重明石エンジニアリング株式会社,078-921-1925,https://www.khi.co.jp/corp/kae/,兵庫県明石市川崎町1番1号,https://www.khi.co.jp/corp/kae/contents/inquiry/index.html
植木鋼材株式会社,028-633-5225,http://www.uekikohzai.co.jp/,栃木県宇都宮市川田町804番地,https://www.uekikohzai.co.jp/inquiry_add.php
カツシロマテックス株式会社,075-981-1111,https://www.katsushiro.co.jp/,京都府八幡市川口東頭9-1,https://www.katsushiro.co.jp/contact/
株式会社野口プラモート,0285-37-6470,https://www.n-plaamort.co.jp/,栃木県河内郡上三川町大字五分一１９８,https://www.n-plaamort.co.jp/company/contact/
森田化成工業株式会社,072-445-9591,http://www.morita-kasei.co.jp/,大阪府岸和田市西大路町 107-6,http://www.morita-kasei.co.jp/info/inquiry.html
株式会社マップ,0475-58-5761,http://www.map-press.co.jp/,千葉県東金市関下24-1,https://map-press.co.jp/contact/
株式会社小西鉄工,0790-46-1583,http://www.konishi-tekkou.co.jp/,兵庫県加西市東剣坂町36,http://www.konishi-tekkou.co.jp/category/contact/index.html
中川産業株式会社,072-964-8410,https://www.nakagawa-on.co.jp/,大阪府東大阪市箕輪３丁目６番８２号,https://nakagawa-on.co.jp/sds-request/
株式会社みやび堂,048-577-8061,https://www.miyabido.biz/,埼玉県北本市石戸５－３２７,https://www.miyabido.biz/contact.html
野水鋼業株式会社,047-492-2461,http://www.39nomizu.co.jp/,千葉県白井市平塚2668-28,http://www.39nomizu.co.jp/q-a/#message
株式会社メタルファクトリー,048-954-3364,http://www.metal-factory1996.com/,埼玉県三郷市花和田52-1,http://www.metal-factory1996.com/contact
アイシン産業株式会社本社製造本部,048-285-7511,https://www.aishin-sangyo.co.jp/,埼玉県川口市八幡木3-16-21,https://www.aishin-sangyo.co.jp/contact/catalog.html
株式会社増渕工業所,0289-64-5838,http://www.masubuchi.co.jp/,栃木県鹿沼市西茂呂1-14-17,https://www.masubuchi.co.jp/contact
三協ダイカスト株式会社,048-421-3871,http://www.sankyodc.com/,埼玉県戸田市美女木４丁目３−５,http://www.sankyodc.com/contact.html
シンコウ産業株式会社,0297-62-9920,http://www.shinkou-inds.co.jp/,茨城県龍ケ崎市 寺後3523−1,http://www.shinkou-inds.co.jp/contact/
有限会社井川製作所,072-332-8107,http://ikawaworks.co.jp/,大阪府松原市小川4丁目4番5号,https://ikawaworks.co.jp/contact/
有限会社SKツール,075-971-1812,https://www.sk-tool.com/,京都府八幡市上津屋中堤128番地,https://www.sk-tool.com/product/
株式会社にしかわ製作,03-3841-1175,http://www.nukigata.net/,東京都台東区松が谷２-８-１０,http://www.nukigata.net/contact.html
株式会社iEC,042-401-6677,https://www.iec-1201.com/,東京都稲城市東長沼1368-2,https://www.iec-1201.com/contact
大阪機械株式会社,06-6473-8517,https://osakakikai.com/,大阪市西淀川区御幣島 6 - 12 - 34,https://osakakikai.com/contact/
関西電機工業株式会社,06-6788-0111,http://www.e-kansai.co.jp,大阪府東大阪市新喜多１丁目６番３０号,https://e-kansai.co.jp/contact/
大阪テック株式会社,06-6864-2980,https://www.osaka-tec.com/,大阪府豊中市原田南２－７－２,https://osaka-tec.com/contact
株式会社ﾕﾆ･ｵｰﾄﾒｰｼｮﾝ,049-225-4555,http://uni-auto.co.jp/,埼玉県川越市大字小仙波字雑敷929番地1,http://uni-auto.co.jp/contact/index.html
日豊電機株式会社,079-280-6644,http://www.nippo-eletech.co.jp/,兵庫県姫路市別所町別所1823番地,http://www.nippo-eletech.co.jp/contact/index.html
ダイセイ株式会社,072-761-1651,https://daisei-kk.co.jp/,大阪府池田市豐島南2丁目209番地,https://daisei-kk.co.jp/contact.html
株式会社ﾌｫｰｴｳﾞｧｰ,03-6914-1577,http://www.fvr.co.jp/,東京都豊島区東池袋1-48-10　25山京ビル９F,http://www.fvr.co.jp/contact.php
ナスコ株式会社,042-373-1621,http://www.nusco.net/,東京都多摩市永山６丁目１７−８,http://www.nusco.net/contact.html
,,,,
三栄商事株式会社,027-347-1555,http://www.sanei-shouji.co.jp/,群馬県高崎市倉賀野町2453-8,https://www.sanei-shouji.co.jp/contact
新大阪クローム工業株式会社,06-6974-7233,http://www.eonet.ne.jp/~shinosaka/,大阪市東成区大今里１丁目２７番８号,https://ws.formzu.net/fgen/S489639513/
特許機器株式会社,03-6831-0001,https://www.tokkyokiki.co.jp/,東京都千代田区東神田 ２-５-１５,https://www.tokkyokiki.co.jp/contact/
,,,,
株式会社アールピーエフ,078-306-2216,http://www.rpf.co.jp/,兵庫県神戸市中央区 港島南町3丁目3番地の2,http://www.rpf.co.jp/inquiry.html
アトムメディカル株式会社,048-851-1470,https://www.atomed.co.jp/,さいたま市桜区,https://www.atomed.co.jp/contact/
株式会社此花鍍金メッキ工業所,06-6464-3711,http://www.konohana-mekki.com/,大阪市此花区常吉２丁目３番８号,http://www.konohana-mekki.com/contact.html
株式会社MONSTERDIVE,03-6447-0091,https://www.monster-dive.com/,東京都港区南青山1-26-1 寿光ビル5F,https://www.monster-dive.com/contact/
株式会社ウェブギフト,03-6903-4378,https://www.webgift.co.jp/,東京都豊島区北大塚2-2-5晴和ビル5階,https://www.webgift.co.jp/contact
株式会社ウェブチップス,088-678-6619,https://www.web-tips.co.jp/,徳島県徳島市南末広町4番53号 エコービル4階,https://www.web-tips.co.jp/inquiry/inquiry/
株式会社テクノ,03-3459-1700,http://www.technosp.co.jp/index.html,東京都港区虎ノ門3-23-6 秀和虎ノ門三丁目ビル,https://www.technosp.co.jp/contact/
JetB株式会社,03-5459-3053,https://jetb.co.jp/,東京都渋谷区桜丘町4-23 渋谷桜丘ビル10F,https://jetb.co.jp/contact
株式会社日本総合建創,083-242-0988,https://www.jtcc.co.jp/#header,北海道札幌市中央区大通東2丁目8-5　プレジデント札幌ビル10F,https://jtcc.co.jp/contact/
株式会社draw,03-3740-1070,https://drawinc.jp/#works,東京都品川区東品川2-2-43,https://drawinc.jp/about/
株式会社ｵﾌｨｽ･ｼﾞｰｱﾝﾄﾞﾋﾞｰ,047-314-8581,http://officegandb.co.jp/index.html,千葉県市川市南行徳4-12-18　トレンディ南行徳ビル2F,https://officegandb.co.jp/contact/
株式会社ｲﾝ･ﾗﾃｨｯｸ,03-5774-3939,http://inerratic.co.jp/,東京都渋谷区渋谷3丁目10-1 渋谷MJビル6階,http://inerratic.co.jp/#contact
日本システムハウス株式会社,03-6435-1268,http://www.systemhouse-co.com/index.htm,茨城県日立市田尻町7-1-17　NSビル,http://www.systemhouse-co.com/contact/
株式会社ﾓｰｸ･ﾜﾝ,03-5229-7231,https://www.moak1.co.jp/,東京都新宿区揚場町2-14新陽ビル2F,https://www.moak1.co.jp/contact/
株式会社FURAZOA,076-255-3152,https://furazoa.com/,石川県金沢市尾山町6-22 尾山町ZIGビル3F,https://furazoa.com/contact/
株式会社センタード,03-5937-5864,https://www.centered.co.jp/,東京都新宿区西新宿7-5-8 GOWA西新宿8F,https://www.centered.co.jp/contact/
アイスクリームデザイン,023-666-8020,http://i-scream.biz/,山形県山形市飯田3-1-10,https://i-scream.biz/contact
スリーカウント株式会社,053-581-8781,https://www.three-count.jp,静岡県浜松市中区野口町501 2F,https://www.three-count.jp/inquiry/
株式会社Theotryarte,03-6300-0535,http://theotry-arte.jp/,東京都渋谷区本町4-48-2 Apartment Y2 202,http://theotry-arte.jp/contact
株式会社シナノトレーディング,075-582-1712,https://shinano-t.com/,京都市山科区勧修寺西北出町112番地,https://shinano-t.com/contact/
株式会社フェニックス,06-6698-7307,http://shop.narcissus.jp/,大阪市住吉区山之内1-14-10,http://shop.narcissus.jp/p/search
スパイスファクトリー株式会社,03-6667-0387,https://spice-factory.co.jp/,東京都日本橋大伝馬町15-3 内田ビル4F,https://spice-factory.co.jp/contact/
有限会社アームSP,092-629-8510,https://armsp.com/,福岡市博多区吉塚8丁目1-67　パンリバーズ8　3号室,https://armsp.com/contact/
株式会社リュウズデザイン,03-3541-3714,https://www.ryusdesign.jp/,東京都中央区銀座7-17-14 松岡銀七ビル4Ｆ,https://www.ryusdesign.jp/contact/
株式会社インターグルーブ,03-6450-2805,https://www.intergroove.co.jp/,東京都渋谷区千駄ヶ谷4-1-8 3F,https://www.intergroove.co.jp/#contact-area
ﾍﾞﾙｳﾞｨ株式会社,0790-27-1331,http://www.bellevie-inc.co.jp/,東京都港区新橋1-16-4りそな新橋ビル8階,http://www.bellevie-inc.co.jp/shop/contact/contact.aspx
株式会社D&CMARKETING,06-4963-3020,https://dcmarketing.jp/,大阪市中央区今橋1-7-19 北浜ビルディング 12F,https://www.dcmarketing.jp/contact/
株式会社グリーティングワークス,06-6450-8029,http://www.greetingworks.com/,大阪市西区靱本町1-5-6　本町辰巳ビル7F,http://www.greetingworks.com/#contact
株式会社グレイド,03-5468-2027,http://glade.co.jp/,東京都渋谷区渋谷1-12-2 CROSS OFFICE渋谷 7F,http://glade.co.jp/contact/
有限会社ディスカウントショップ大黒屋,042-972-3997,https://www.daikokuya-hannou.com/,埼玉県飯能市栄町19-8,https://www.daikokuya-hannou.com/form/input/delivery/
株式会社プラグ,03-5577-7850,https://www.plug-inc.jp/,東京都千代田区神田神保町1-3-5 冨山房ビル3F,https://www.plug-inc.jp/contact/
株式会社リアライズ,075-254-8710,http://www.realize-web.jp/,京都市中京区西洞院四条上る蟷螂山町481 京染会館302号,https://www.realize-web.jp/contact/
株式会社未来ボックス,045-232-4744,https://miraibox.jp/,横浜市西区みなとみらい2-3-1 クイーンズタワーA 4F,https://miraibox.jp/news/%e3%81%8a%e5%95%8f%e3%81%84%e5%90%88%e3%82%8f%e3%81%9b%e3%81%ab%e3%81%a4%e3%81%84%e3%81%a6/
株式会社dPARK,03-6451-0399,http://www.dpark.jp/,東京都目黒区大橋2-22-7 村田ビル3F,http://www.dpark.jp/#contact
株式会社NewsTech,03-6804-6087,http://www.newstech.jp/,東京都港区赤坂9-5-12,http://www.newstech.jp/contact/
株式会社バイタリフィ,03-5428-6346,https://vitalify.jp/,東京都渋谷区恵比寿西1-9-6アストゥルビル8F,https://vitalify.jp/contact
テテマーチ株式会社,03-6417-9953,https://tetemarche.co.jp/,"東京都品川区西五反田3-12-14 西五反田プレイス1F,2F",https://tetemarche.co.jp/contact
株式会社クリエイターズグループMAC,03-3588-8311,http://www.cgm.co.jp/,東京都港区赤坂3-3-5　住友生命山王ビル2F,http://www.cgm.co.jp/works/
株式会社フォーミックス,03-5715-5551,http://www.fourmix.co.jp/,東京都品川区東品川3-32-42 ISビル12F,https://www.fourmix.co.jp/contact/
株式会社アビリブ,03-6712-6018,https://www.ab-net.co.jp/,東京都渋谷区神宮前6-35-3 コープオリンピア7F,https://www.ab-net.co.jp/contact/
株式会社フューチュレック,03-6712-5515,https://www.futurek.com/,東京都港区北青山3-15-9 AOYAMA101ビル 3F,https://www.futurek.com/contact/
株式会社オノフ,03-6447-4227,https://www.onoff.ne.jp/,東京都渋谷区神宮前三丁目35番19号 バティマン・イケダ4F,https://www.onoff.ne.jp/forms/corporate/contact.html?Formname=corp_contact
ARアドバンストテクノロジ株式会社,03-6450-6080,https://ari-jp.com/,東京都渋谷区渋谷1-14-16　渋谷野村證券ビル8F,https://ari-jp.com/contact/
株式会社SyncThought,03-6451-2780,https://www.syncthought.com/,東京都渋谷区恵比寿南2-8-9 ディフェンスファースト4階,https://www.syncthought.com/contact/
株式会社サックル,03-5244-5237,https://sackle.co.jp/,東京都千代田区神田小川町3-8 神田駿河台ビル8F,https://sackle.co.jp/contact
株式会社ニューロマジック,03-3248-1424,https://www.neuromagic.com/,東京都中央区築地6-16-1 築地616ビル3F・7F,https://www.neuromagic.com/contact-ja
シャトルロックジャパン株式会社,03-6272-6480,https://shuttlerock.co.jp/,東京都新宿区市谷田町2丁目6-4 エアマンズ市ヶ谷ビル6F,https://www.shuttlerock.co.jp/contact/
ｱﾙﾋﾞﾄﾞ･ｼﾞｬﾊﾟﾝ株式会社,03-6272-6304,https://www.albedojapan.com/,東京都千代田区神田神保町3-2 高橋ビル6F,https://www.albedojapan.com/contact/
株式会社アイディーエス,03-5484-7811,https://www.ids.co.jp/,東京都港区三田三丁目2番8号 Net.2三田ビル2F,https://www.ids.co.jp/mission/philosophy.html
株式会社ALFOS,03-6630-4151,https://alfos.jp/,東京都千代田区平河町2-16-9 永田町グラスゲート4F,https://alfos.jp
ﾄﾗｲﾍﾞｯｸ･ｽﾄﾗﾃｼﾞｰ株式会社,03-5414-2020,https://www.tribeck.jp/,東京都港区赤坂7丁目1番1号　青山安田ビル3階,https://www.tribeck.jp/contact/
株式会社イングリウッド,03-6455-1161,https://inglewood.co.jp/,東京都渋谷区道玄坂1-21-1 渋谷ソラスタ 13F,https://inglewood.co.jp/contact
株式会社ｱﾝﾃｨｰ･ｼｽﾃﾑ,03-6809-0414,https://www.un-tsystem.com/,東京都渋谷区神泉町10-10 アシジ神泉ビルB1,https://www.un-tsystem.com/contact/
ピクスタ株式会社,03-5774-2692,https://pixta.co.jp/,東京都渋谷区渋谷二丁目12番19号 東建インターナショナルビル5階,https://pixta.co.jp/contact
キャロルシステム株式会社,03-5489-8680,https://www.carol.co.jp/,東京都渋谷区南平台町16-25 養命酒ビル10階,https://www.carol.co.jp/contact/
株式会社テラ,052-241-3230,https://www.terracom.co.jp/,愛知県名古屋市中区大須3丁目30-40,https://www.terracom.co.jp/confirm
株式会社ウィズコミュニケーションズ,03-3760-2330,http://www.wizcomm.co.jp/index.html,東京都目黒区上目黒1-16-8 クリスタルビル5F,http://www.wizcomm.co.jp/inquiry/contact.html
株式会社PREMIERGARDEN,03-5749-4151,https://premiergarden.co.jp/,東京都品川区平塚1-17-6,https://premiergarden.co.jp/contact/
株式会社フェリエスト,03-6721-1871,http://feriest.com/,東京都渋谷区鶯谷町3-1 SUビル203,https://www.feriest.com/contact2/
株式会社ネクストソリューションズ,03-6863-3415,https://www.nextsolutions.co.jp/?link=header_logo,東京都渋谷区神泉町10-10　VORT渋谷神泉5F,https://www.nextsolutions.co.jp/inquiry/
株式会社アクセサイト,03-6809-3050,https://www.accesight.com/,東京都港区東麻布1丁目4-2 THE WORKERS & CO 6F,https://www.accesight.com/contact/
株式会社ブックルックチーム,042-426-4208,https://corp.booklook.jp/index.html,東京都調布市布田1丁目50-1 フジヨシビル5F,https://corp.booklook.jp/contact.html